,rt:pageTitle,rt:pagePath,rt:pageViews
0,10 tech issues that will impact social justice in 2017 / Ford Foundation,/just-matters/just-matters/posts/10-tech-issues-that-will-impact-social-justice-in-2017/,1
1,14 Women Challenging How Art is Defined / Ford Foundation,/just-matters/just-matters/posts/14-women-challenging-how-art-is-defined/,1
2,1965 Annual Report / Ford Foundation,/about/library/annual-reports/1965-annual-report/,1
3,"2018 Annual Tax Return, Form 990-PF / Ford Foundation",/about/library/financial-statements/2018-annual-tax-return-form-990-pf/,4
4,2020 Audited Financial Statements and Footnotes / Ford Foundation,/about/library/financial-statements/2020-audited-financial-statements-and-footnotes/,1
5,About Ford / Ford Foundation,/about/about-ford/,1
6,Andean Region / Ford Foundation,/our-work-around-the-world/andean-region/,1
7,Board of Trustees / Ford Foundation,/about/people/board-of-trustees/,2
8,Brazil / Ford Foundation,/our-work-around-the-world/brazil/,4
9,Building Institutions and Networks / Ford Foundation,/work/our-grants/building-institutions-and-networks/,1
10,Careers / Ford Foundation,/about/careers/,3
11,Challenging inequality / Ford Foundation,/work/challenging-inequality/,6
12,China / Ford Foundation,/our-work-around-the-world/china/,2
13,China in the World / Ford Foundation,/our-work-around-the-world/china/china-in-the-world/,1
14,Cities and States / Ford Foundation,/work/challenging-inequality/cities-and-states/,1
15,Civic Engagement and Government / Ford Foundation,/work/challenging-inequality/civic-engagement-and-government/,5
16,Creativity and Free Expression / Ford Foundation,/work/challenging-inequality/creativity-and-free-expression/,3
17,Darren Walker / Ford Foundation,/about/people/darren-walker/,2
18,"Diversity, equity, and inclusion / Ford Foundation",/about/people/diversity-equity-and-inclusion/,1
19,Eastern Africa / Ford Foundation,/our-work-around-the-world/eastern-africa/,4
20,Events / Ford Foundation,/about/the-ford-foundation-center-for-social-justice/ford-foundation-gallery/events/,1
21,Ford Fellows / Ford Foundation,/work/investing-in-individuals/ford-fellows/,1
22,Ford Foundation Appoints Depelsha McGruder as Chief Operating Officer and Treasurer / Ford Foundation,/the-latest/news/ford-foundation-appoints-depelsha-mcgruder-as-chief-operating-officer-and-treasurer/,1
23,Future of Work(ers) / Ford Foundation,/work/challenging-inequality/future-of-work-ers/,1
24,"Gender, Racial, and Ethnic Justice / Ford Foundation",/work/challenging-inequality/gender-racial-and-ethnic-justice/,1
25,Grant makers / Ford Foundation,/about/people/grant-makers/,1
26,Grants All / Ford Foundation,/work/our-grants/grants-database/grants-all,2
27,Grants database / Ford Foundation,/work/our-grants/grants-database/,2
28,History / Ford Foundation,/our-work-around-the-world/brazil/history/,1
29,Home / Ford Foundation,/,19
30,Idea Submission Confirmation / Ford Foundation,/work/our-grants/idea-submission/idea-submission-confirmation/,1
31,Idea submission / Ford Foundation,/work/our-grants/idea-submission/,3
32,"Ignorance is the enemy within: On the power of our privilege, and the privilege of our power / Ford Foundation",/just-matters/just-matters/posts/ignorance-is-the-enemy-within-on-the-power-of-our-privilege-and-the-privilege-of-our-power/,1
33,Indonesia / Ford Foundation,/our-work-around-the-world/indonesia/,1
34,International strategy / Ford Foundation,/work/challenging-inequality/civic-engagement-and-government/international-strategy/,1
35,Investing in Individuals / Ford Foundation,/work/investing-in-individuals/,1
36,Just Matters / Ford Foundation,/just-matters/,4
37,Just Matters / Ford Foundation,/just-matters/just-matters/,1
38,JustFilms / Ford Foundation,/work/our-grants/justfilms/,2
39,Kevin Currey / Ford Foundation,/about/people/kevin-currey/,1
40,Learning / Ford Foundation,/work/learning/,6
41,Library / Ford Foundation,/about/library/?filter=Financial Statements,1
42,Natural Resources and Climate Change / Ford Foundation,/work/challenging-inequality/natural-resources-and-climate-change/,1
43,Our Social Bond to Strengthen the Social Justice Sector / Ford Foundation,/campaigns/our-social-bond-to-strengthen-the-social-justice-sector/,1
44,Our grants / Ford Foundation,/work/our-grants/,5
45,Our work around the world / Ford Foundation,/our-work-around-the-world/,1
46,People / Ford Foundation,/about/people/,1
47,Sandra Cisneros / Ford Foundation,/campaigns/the-art-of-change-meet-our-fellows/sandra-cisneros/,1
48,Strategy / Ford Foundation,/our-work-around-the-world/eastern-africa/strategy/,1
49,Strategy / Ford Foundation,/work/challenging-inequality/future-of-work-ers/strategy/,1
50,Strategy / Ford Foundation,/work/challenging-inequality/natural-resources-and-climate-change/strategy/,2
51,Technology and Society / Ford Foundation,/work/challenging-inequality/technology-and-society/,1
52,The Ford Foundation Center for Social Justice / Ford Foundation,/about/the-ford-foundation-center-for-social-justice/,1
53,The Ford Global Fellowship / Ford Foundation,/work/investing-in-individuals/the-ford-global-fellowship/,1
54,Visitor information / Ford Foundation,/about/the-ford-foundation-center-for-social-justice/visitor-information/,1
55,Why we need to build just and inclusive cities / Ford Foundation,/just-matters/just-matters/posts/why-we-need-to-build-just-and-inclusive-cities/,1
